{"Test Loss":1.1785006594657899,"_runtime":3103,"_timestamp":1.765143884876631e+09,"Learning Rate":0.001,"_wandb":{"runtime":3103},"_step":10,"Train Loss":0.7622785614509182,"Test Accuracy":0.5986666666666667,"Validation Accuracy":0.6733333333333333,"Validation Loss":1.0093426036834716,"Train Accuracy":0.692836676217765}